{
  "buildCommand": "npm run build",
  "outputDirectory": "dist",
  "devCommand": "npm run dev",
  "installCommand": "npm install --legacy-peer-deps",


  "framework": "vite",
  "rewrites": [
    {
      "source": "/(.*)",
      "destination": "/index.html"
    }
  ],
  "headers": [
    {
      "source": "/(.*)",
      "headers": [
        {
          "key": "X-Frame-Options",
          "value": "DENY"
        },
        {
          "key": "X-Content-Type-Options",
          "value": "nosniff"
        },
        {
          "key": "Strict-Transport-Security",
          "value": "max-age=31536000; includeSubDomains"
        }
      ]
    }
  ]
}
